"","rank","film_title","release_date","sales","audience_seoul","audience","screens_seoul","screens","production_main","production_all","film_distribution","year","month"
"1",1,"명량",2014-07-30,135748398910,NA,17613682,NA,1587,"Korea","Korea","씨제이이앤엠(주)",2014,7
"2",2,"극한직업",2019-01-23,139647979516,NA,16264944,NA,1978,"Korea","Korea","씨제이이앤엠(주)",2019,1
"3",3,"신과함께-죄와 벌",2017-12-20,115698654137,NA,14410754,NA,1912,"Korea","Korea","롯데쇼핑㈜롯데엔터테인먼트",2017,12
"4",4,"국제시장",2014-12-17,110913469630,NA,14257115,NA,966,"Korea","Korea","씨제이이앤엠(주)",2014,12
"5",5,"어벤져스: 엔드게임",2019-04-24,122182694160,NA,13934592,NA,2835,"US","US","월트디즈니컴퍼니코리아 유한책임회사",2019,4
"6",6,"겨울왕국 2",2019-11-21,114803770600,NA,13746532,NA,2648,"US","US","월트디즈니컴퍼니코리아 유한책임회사",2019,11
"7",7,"아바타",2009-12-17,128447097523,NA,13624328,NA,912,"US","US","주식회사 해리슨앤컴퍼니,이십세기폭스코리아(주)",2009,12
"8",8,"베테랑",2015-08-05,105168155250,NA,13414009,NA,1064,"Korea","Korea","씨제이이앤엠(주)",2015,8
"9",9,"괴물",2006-07-27,0,NA,13019740,"S",167,"Korea","Korea","(주)쇼박스",2006,7
"10",10,"도둑들",2012-07-25,93665568500,NA,12983330,NA,1072,"Korea","Korea, Hong Kong","(주)쇼박스",2012,7
"11",11,"7번방의 선물",2013-01-23,91431914670,NA,12811206,NA,787,"Korea","Korea","(주)넥스트엔터테인먼트월드(NEW)",2013,1
"12",12,"암살",2015-07-22,98463132781,NA,12705700,NA,1519,"Korea","Korea","(주)쇼박스",2015,7
"13",13,"알라딘",2019-05-23,106983620359,NA,12555894,NA,1311,"US","US","월트디즈니컴퍼니코리아 유한책임회사",2019,5
"14",14,"광해, 왕이 된 남자",2012-09-13,88900208769,NA,12319542,NA,810,"Korea","Korea","씨제이이앤엠(주)",2012,9
"15",15,"왕의 남자",2005-12-29,0,NA,12302831,"S",94,"Korea","Korea","(주)시네마서비스",2005,12
"16",16,"신과함께-인과 연",2018-08-01,102666146909,NA,12274996,NA,2235,"Korea","Korea","롯데컬처웍스(주)롯데엔터테인먼트",2018,8
"17",17,"택시운전사",2017-08-02,95855737149,NA,12186684,NA,1906,"Korea","Korea","(주)쇼박스",2017,8
"18",18,"태극기 휘날리며",2004-02-05,0,NA,11746135,"S",110,"Korea","Korea","(주)쇼박스",2004,2
"19",19,"부산행",2016-07-20,93178283048,NA,11565479,NA,1788,"Korea","Korea","(주)넥스트엔터테인먼트월드(NEW)",2016,7
"20",20,"해운대",2009-07-22,81934638201,NA,11453338,NA,753,"Korea","Korea","씨제이엔터테인먼트",2009,7
"21",21,"변호인",2013-12-18,82871759300,NA,11374610,NA,923,"Korea","Korea","(주)넥스트엔터테인먼트월드(NEW)",2013,12
"22",22,"어벤져스: 인피니티 워",2018-04-25,99919006769,NA,11211880,NA,2553,"US","US","월트디즈니컴퍼니코리아 유한책임회사",2018,4
"23",23,"실미도",2003-12-24,0,NA,11081000,"S",83,"Korea","Korea","(주)시네마서비스",2003,12
"24",24,"어벤져스: 에이지 오브 울트론",2015-04-23,88582586366,NA,10494499,NA,1843,"US","US","월트디즈니컴퍼니코리아(주)",2015,4
"25",25,"겨울왕국",2014-01-16,82461504400,NA,10296101,NA,1010,"US","US","소니픽쳐스릴리징월트디즈니스튜디오스코리아(주)",2014,1
"26",26,"기생충",2019-05-30,87224912275,NA,10283765,NA,1948,"Korea","Korea","씨제이이앤엠(주)",2019,5
"27",27,"인터스텔라",2014-11-06,82291089200,NA,10275484,NA,1342,"US","US, UK","워너브러더스 코리아(주)",2014,11
"28",28,"보헤미안 랩소디",2018-10-31,86280975785,NA,9948386,NA,936,"US","US","이십세기폭스코리아(주)",2018,10
"29",29,"검사외전",2016-02-03,77319445264,NA,9707158,NA,1812,"Korea","Korea","(주)쇼박스",2016,2
"30",30,"엑시트",2019-07-31,79232212162,NA,9426051,NA,1660,"Korea","Korea","씨제이이앤엠(주)",2019,7
"31",31,"설국열차",2013-08-01,67010077500,NA,9349991,NA,1128,"Korea","Korea, Czech","씨제이이앤엠(주)",2013,8
"32",32,"관상",2013-09-11,66005451500,NA,9134586,NA,1190,"Korea","Korea","(주)쇼박스",2013,9
"33",33,"아이언맨 3",2013-04-25,70806191000,NA,9001309,NA,1381,"US","US","소니픽쳐스릴리징월트디즈니스튜디오스코리아(주)",2013,4
"34",34,"캡틴 아메리카: 시빌 워",2016-04-27,72672111827,NA,8677249,NA,1991,"US","US","월트디즈니컴퍼니코리아(주)",2016,4
"35",35,"해적: 바다로 간 산적",2014-08-06,66370682706,NA,8666046,NA,838,"Korea","Korea","롯데쇼핑㈜롯데엔터테인먼트",2014,8
"36",36,"수상한 그녀",2014-01-22,62696639249,NA,8656397,NA,692,"Korea","Korea","씨제이이앤엠(주)",2014,1
"37",37,"국가대표",2009-07-29,60896633308,NA,8487894,NA,580,"Korea","Korea","(주)쇼박스",2009,7
"38",38,"디워",2007-08-01,0,NA,8426973,"S",148,"Korea","Korea","(주)쇼박스",2007,8
"39",39,"백두산",2019-12-19,69818845600,NA,8252001,NA,1971,"Korea","Korea","씨제이이앤엠(주),(주)덱스터스튜디오",2019,12
"40",40,"과속스캔들",2008-12-03,53940101534,NA,8245523,NA,405,"Korea","Korea","롯데쇼핑㈜롯데엔터테인먼트",2008,12
"41",41,"스파이더맨: 파 프롬 홈",2019-07-02,69009271100,NA,8021064,NA,2142,"US","US","소니픽쳐스엔터테인먼트코리아주식회사극장배급지점",2019,7
"42",42,"웰컴 투 동막골",2005-08-04,0,NA,8008622,"S",114,"Korea","Korea","(주)쇼박스",2005,8
"43",43,"공조",2017-01-18,63781731326,NA,7817446,NA,976,"Korea","Korea","씨제이이앤엠(주)",2017,1
"44",44,"트랜스포머 3",2011-06-29,74841350500,NA,7784807,NA,1409,"US","US","씨제이이앤엠(주)",2011,6
"45",45,"히말라야",2015-12-16,60173583015,NA,7759473,NA,1009,"Korea","Korea","씨제이이앤엠(주)",2015,12
"46",46,"미션임파서블:고스트프로토콜",2011-12-15,57795846000,NA,7575899,NA,1038,"US","US","씨제이이앤엠(주)",2011,12
"47",47,"트랜스포머: 패자의 역습",2009-06-24,51478531663,NA,7505700,NA,1129,"US","US","씨제이엔터테인먼트",2009,6
"48",48,"밀정",2016-09-07,61269783831,NA,7500420,NA,1444,"Korea","Korea, US","워너브러더스 코리아(주)",2016,9
"49",49,"최종병기 활",2011-08-10,55827861500,NA,7470633,NA,615,"Korea","Korea","롯데쇼핑㈜롯데엔터테인먼트",2011,8
"50",50,"트랜스포머",2007-06-28,0,NA,7440531,"S",160,"US","US","씨제이엔터테인먼트",2007,6
"51",51,"써니",2011-05-04,54034235100,NA,7362467,NA,472,"Korea","Korea","씨제이이앤엠(주)",2011,5
"52",52,"화려한 휴가",2007-07-25,0,NA,7307993,"S",116,"Korea","Korea","씨제이엔터테인먼트",2007,7
"53",53,"스파이더맨: 홈 커밍",2017-07-05,59125813820,NA,7258678,NA,1965,"US","US","소니픽쳐스엔터테인먼트코리아주식회사극장배급지점",2017,7
"54",54,"1987",2017-12-27,58165581145,NA,7231638,NA,1299,"Korea","Korea","씨제이이앤엠(주)",2017,12
"55",55,"베를린",2013-01-30,52354931637,NA,7166199,NA,894,"Korea","Korea, Germany","씨제이이앤엠(주)",2013,1
"56",56,"마스터",2016-12-21,58067927865,NA,7150541,NA,1501,"Korea","Korea","씨제이이앤엠(주)",2016,12
"57",57,"터널",2016-08-10,57529484417,NA,7120508,NA,1105,"Korea","Korea","(주)쇼박스",2016,8
"58",58,"어벤져스",2012-04-26,59557853478,NA,7074867,NA,967,"US","US","한국소니픽쳐스릴리징브에나비스타영화㈜",2012,4
"59",59,"내부자들",2015-11-19,56598130057,NA,7072021,NA,1075,"Korea","Korea","(주)쇼박스",2015,11
"60",60,"인천상륙작전",2016-07-27,55101410303,NA,7049643,NA,1049,"Korea","Korea","씨제이이앤엠(주)",2016,7
"61",61,"럭키",2016-10-13,56444461256,NA,6975290,NA,1158,"Korea","Korea","(주)쇼박스",2016,10
"62",62,"은밀하게 위대하게",2013-06-05,48700887413,NA,6959083,NA,1341,"Korea","Korea","(주)쇼박스",2013,6
"63",63,"곡성",2016-05-12,55863520382,NA,6879908,NA,1485,"Korea","Korea, US","이십세기폭스코리아(주)",2016,5
"64",64,"범죄도시",2017-10-03,56318014149,NA,6879841,NA,1315,"Korea","Korea","메가박스중앙(주)플러스엠,(주)키위미디어그룹",2017,10
"65",65,"타짜",2006-09-28,0,NA,6847777,"S",147,"Korea","Korea","씨제이엔터테인먼트",2006,9
"66",66,"좋은 놈, 나쁜 놈, 이상한 놈",2008-07-17,43768628939,NA,6686912,NA,825,"Korea","Korea","씨제이엔터테인먼트",2008,7
"67",67,"늑대소년",2012-10-31,46593107500,NA,6654837,NA,706,"Korea","Korea","씨제이이앤엠(주)",2012,10
"68",68,"미녀는 괴로워",2006-12-14,0,NA,6619498,"S",93,"Korea","Korea","(주)쇼박스",2006,12
"69",69,"군함도",2017-07-26,50510565168,NA,6592151,NA,2027,"Korea","Korea","씨제이이앤엠(주)",2017,7
"70",70,"미션 임파서블: 폴아웃",2018-07-25,55888375112,NA,6584915,NA,1957,"US","US","롯데컬처웍스(주)롯데엔터테인먼트",2018,7
"71",71,"다크 나이트 라이즈",2012-07-19,47644838000,NA,6396528,NA,1210,"US","US, UK","워너브러더스 코리아(주)",2012,7
"72",72,"아저씨",2010-08-04,47870792359,NA,6282774,NA,478,"Korea","Korea","씨제이엔터테인먼트",2010,8
"73",73,"사도",2015-09-16,48842902501,NA,6246849,NA,1210,"Korea","Korea","(주)쇼박스",2015,9
"74",74,"전우치",2009-12-23,44605437017,NA,6136928,NA,606,"Korea","Korea","씨제이엔터테인먼트",2009,12
"75",75,"킹스맨 : 시크릿 에이전트",2015-02-11,50369009795,NA,6129681,NA,706,"US","US, UK","이십세기폭스코리아(주)",2015,2
"76",76,"미션 임파서블: 로그네이션",2015-07-30,48547353607,NA,6126488,NA,1202,"US","US","롯데쇼핑㈜롯데엔터테인먼트",2015,7
"77",77,"투사부일체",2006-01-19,0,NA,6105431,"S",93,"Korea","Korea","씨제이엔터테인먼트",2006,1
"78",78,"연평해전",2015-06-24,45563228330,NA,6043784,NA,1013,"Korea","Korea","(주)넥스트엔터테인먼트월드(NEW)",2015,6
"79",79,"반지의 제왕 : 왕의 귀환",2003-12-17,0,NA,5960000,"S",105,"US","US, New Zealand","씨제이엔터테인먼트",2003,12
"80",80,"인셉션",2010-07-21,44106546302,NA,5926948,NA,528,"US","US","(주)디스테이션,워너브러더스 코리아(주)",2010,7
"81",81,"레미제라블",2012-12-19,43044999000,NA,5911890,NA,696,"US","US","유니버설픽쳐스인터내셔널 코리아(유)",2012,12
"82",82,"쉬리",1999-02-13,0,NA,5820000,NA,0,"Korea","Korea","삼성픽쳐스",1999,2
"83",83,"캡틴 마블",2019-03-06,51491272223,NA,5801069,NA,2100,"US","US","월트디즈니컴퍼니코리아 유한책임회사",2019,3
"84",84,"미션 임파서블 3",2006-05-03,0,NA,5740789,"S",134,"US","US","UIP코리아",2006,5
"85",85,"쥬라기 월드: 폴른 킹덤",2018-06-06,49770711037,NA,5661128,NA,1972,"US","US","유니버설픽쳐스인터내셔널 코리아(유)",2018,6
"86",86,"청년경찰",2017-08-09,44381150516,NA,5653270,NA,1102,"Korea","Korea","롯데쇼핑㈜롯데엔터테인먼트",2017,8
"87",87,"가문의 위기(가문의 영광2)",2005-09-07,0,NA,5635266,"S",101,"Korea","Korea","(주)쇼박스",2005,9
"88",88,"숨바꼭질",2013-08-14,39602987500,NA,5604104,NA,779,"Korea","Korea","(주)넥스트엔터테인먼트월드(NEW)",2013,8
"89",89,"덕혜옹주",2016-08-03,44393828109,NA,5599229,NA,964,"Korea","Korea","롯데쇼핑㈜롯데엔터테인먼트",2016,8
"90",90,"더 테러 라이브",2013-07-31,39866712881,NA,5583596,NA,743,"Korea","Korea","롯데쇼핑㈜롯데엔터테인먼트",2013,7
"91",91,"쥬라기 월드",2015-06-11,47800698826,NA,5546792,NA,1290,"US","US","유니버설픽쳐스인터내셔널 코리아(유)",2015,6
"92",92,"감시자들",2013-07-03,39380162179,NA,5508017,NA,949,"Korea","Korea","(주)넥스트엔터테인먼트월드(NEW)",2013,7
"93",93,"의형제",2010-02-04,40800867602,NA,5507106,NA,572,"Korea","Korea","(주)쇼박스",2010,2
"94",94,"2012",2009-11-12,39415166660,NA,5462953,NA,789,"US","US","한국소니픽쳐스릴리징브에나비스타영화㈜",2009,11
"95",95,"앤트맨과 와스프",2018-07-04,47465443185,NA,5447826,NA,1775,"US","US","월트디즈니컴퍼니코리아 유한책임회사",2018,7
"96",96,"닥터 스트레인지",2016-10-26,47482530396,NA,5446379,NA,1503,"US","US","월트디즈니컴퍼니코리아(주)",2016,10
"97",97,"검은 사제들",2015-11-05,42407832092,NA,5442553,NA,1088,"Korea","Korea","씨제이이앤엠(주)",2015,11
"98",98,"안시성",2018-09-19,46335334026,NA,5440186,NA,1540,"Korea","Korea","(주)넥스트엔터테인먼트월드(NEW)",2018,9
"99",99,"블랙 팬서",2018-02-14,45883143457,NA,5398994,NA,1620,"US","US","월트디즈니컴퍼니코리아 유한책임회사",2018,2
"100",100,"더 킹",2017-01-18,43486078535,NA,5316325,NA,1310,"Korea","Korea","(주)넥스트엔터테인먼트월드(NEW)",2017,1
"101",101,"완득이",2011-10-20,38530503500,NA,5310510,NA,500,"Korea","Korea","씨제이이앤엠(주)",2011,10
"102",102,"트랜스포머: 사라진 시대",2014-06-25,44012272845,NA,5295801,NA,1602,"US","US","씨제이이앤엠(주)",2014,6
"103",103,"완벽한 타인",2018-10-31,44356752474,NA,5294119,NA,1313,"Korea","Korea","롯데컬처웍스(주)롯데엔터테인먼트",2018,10
"104",104,"살인의 추억",2003-04-25,NA,NA,5255376,"S",54,"Korea","Korea","씨제이엔터테인먼트",2003,4
"105",105,"조커",2019-10-02,45422346630,NA,5253230,NA,1418,"US","US","워너브러더스 코리아(주)",2019,10
"106",106,"월드 워 Z",2013-06-20,38555357000,NA,5237525,NA,964,"US","US","롯데쇼핑㈜롯데엔터테인먼트",2013,6
"107",107,"반지의 제왕 : 두개의 탑",2002-12-19,0,NA,5183000,"S",79,"US","US","(주)시네마서비스",2002,12
"108",108,"타워",2012-12-25,37654858000,NA,5181014,NA,617,"Korea","Korea","씨제이이앤엠(주)",2012,12
"109",109,"말아톤",2005-01-27,0,NA,5148022,"S",73,"Korea","Korea","(주)쇼박스",2005,1
"110",110,"미녀와 야수",2017-03-16,42132589579,NA,5138193,NA,1627,"US","US","월트디즈니컴퍼니코리아 유한책임회사",2017,3
"111",111,"추격자",2008-02-14,33943278500,NA,5071619,NA,435,"Korea","Korea","(주)쇼박스",2008,2
"112",112,"독전",2018-05-22,43484892913,NA,5063620,NA,1357,"Korea","Korea","(주)넥스트엔터테인먼트월드(NEW)",2018,5
"113",113,"쿵푸팬더 2",2011-05-26,44298724500,NA,5062722,NA,948,"US","US","씨제이이앤엠(주)",2011,5
"114",114,"아쿠아맨",2018-12-19,44113456704,NA,5038134,NA,1285,"US","US, Australia","워너브러더스 코리아(주)",2018,12
"115",115,"공작",2018-08-08,42788691176,NA,4974512,NA,1317,"Korea","Korea","씨제이이앤엠(주)",2018,8
"116",116,"인사이드 아웃",2015-07-09,38024694936,NA,4969735,NA,777,"US","US","월트디즈니컴퍼니코리아(주)",2015,7
"117",117,"캐리비안의 해적: 세상의 끝에서",2007-05-23,0,NA,4966571,"S",244,"US","US","한국소니픽쳐스릴리징브에나비스타영화㈜",2007,5
"118",118,"킹스맨: 골든 서클",2017-09-27,40987484736,NA,4945484,NA,1687,"US","US, UK","이십세기폭스코리아(주)",2017,9
"119",119,"동갑내기 과외하기",2003-02-07,NA,NA,4937573,"S",54,"Korea","Korea","씨제이엔터테인먼트",2003,2
"120",120,"스파이더맨 3",2007-05-01,0,NA,4935660,"S",198,"US","US","한국소니픽쳐스릴리징브에나비스타영화㈜",2007,5
"121",121,"바람과 함께 사라지다",2012-08-08,34614661161,NA,4909937,NA,694,"Korea","Korea","(주)넥스트엔터테인먼트월드(NEW)",2012,8
"122",122,"마션",2015-10-08,39663145295,NA,4880800,NA,1132,"US","US","이십세기폭스코리아(주)",2015,10
"123",123,"토르: 라그나로크",2017-10-25,39248432595,NA,4857152,NA,1640,"US","US","월트디즈니컴퍼니코리아 유한책임회사",2017,10
"124",124,"어메이징 스파이더맨",2012-06-28,41163951235,NA,4853123,NA,1118,"US","US","한국소니픽쳐스릴리징브에나비스타영화㈜",2012,6
"125",125,"님아, 그 강을 건너지 마오",2014-11-27,37355277679,NA,4801527,NA,206,"Korea","Korea","CGV아트하우스,(주)대명문화공장",2014,11
"126",126,"봉오동 전투",2019-08-07,40588648538,NA,4787538,NA,1476,"Korea","Korea","(주)쇼박스",2019,8
"127",127,"조선명탐정 : 각시투구꽃의 비밀",2011-01-27,35841769500,NA,4786259,NA,611,"Korea","Korea","(주)쇼박스",2011,1
"128",128,"군도: 민란의 시대",2014-07-23,36987755999,NA,4774895,NA,1394,"Korea","Korea","(주)쇼박스",2014,7
"129",129,"남산의 부장들",2020-01-22,41218101130,NA,4749391,NA,1659,"Korea","Korea","(주)쇼박스",2020,1
"130",130,"라이온 킹",2019-07-17,41518977430,NA,4743184,NA,1936,"US","US","월트디즈니컴퍼니코리아 유한책임회사",2019,7
"131",131,"범죄와의 전쟁: 나쁜놈들 전성시대",2012-02-02,36538823500,NA,4719872,NA,699,"Korea","Korea","(주)쇼박스",2012,2
"132",132,"주토피아",2016-02-17,37077444042,NA,4703245,NA,661,"US","US","월트디즈니컴퍼니코리아(주)",2016,2
"133",133,"엣지 오브 투모로우",2014-06-04,38731398201,NA,4699208,NA,801,"US","US","워너브러더스 코리아(주)",2014,6
"134",134,"신세계",2013-02-21,34881330905,NA,4682492,NA,671,"Korea","Korea","(주)넥스트엔터테인먼트월드(NEW)",2013,2
"135",135,"쿵푸 팬더",2008-06-05,30000965000,NA,4673009,NA,351,"US","US","씨제이엔터테인먼트",2008,6
"136",136,"신비한 동물사전",2016-11-16,39337263058,NA,4666993,NA,1431,"US","US, UK","워너브러더스 코리아(주)",2016,11
"137",137,"도가니",2011-09-22,35566854800,NA,4662822,NA,644,"Korea","Korea","씨제이이앤엠(주)",2011,9
"138",138,"캐리비안의 해적 : 망자의 함",2006-07-06,0,NA,4628903,"S",129,"US","US","브에나비스타인터내셔널코리아",2006,7
"139",139,"박물관이 살아있다!",2006-12-21,0,NA,4612831,"S",86,"US","US","이십세기폭스코리아(주)",2006,12
"140",140,"내 아내의 모든 것",2012-05-17,34222160500,NA,4598583,NA,563,"Korea","Korea","(주)넥스트엔터테인먼트월드(NEW)",2012,5
"141",141,"판도라",2016-12-07,36064461064,NA,4583645,NA,1166,"Korea","Korea","(주)넥스트엔터테인먼트월드(NEW)",2016,12
"142",142,"나쁜 녀석들: 더 무비",2019-09-11,39560195124,NA,4573902,NA,1511,"Korea","Korea","씨제이이앤엠(주)",2019,9
"143",143,"터미네이터 : 미래전쟁의 시작",2009-05-21,30146162133,NA,4568891,NA,704,"US","US","롯데쇼핑㈜롯데엔터테인먼트",2009,5
"144",144,"맘마미아!",2008-09-03,29570784560,NA,4554785,NA,457,"US","US","유니버설픽쳐스인터내셔널 코리아(유)",2008,9
"145",145,"연가시",2012-07-05,32175400664,NA,4515833,NA,759,"Korea","Korea","씨제이이앤엠(주)",2012,7
"146",146,"아이언맨 2",2010-04-29,33161943100,NA,4498335,NA,757,"US","US","씨제이엔터테인먼트",2010,4
"147",147,"강철비",2017-12-14,35489576466,NA,4452740,NA,1426,"Korea","Korea","(주)넥스트엔터테인먼트월드(NEW)",2017,12
"148",148,"해리포터와 죽음의 성물2",2011-07-13,34507819000,NA,4400298,NA,757,"US","US","워너브러더스 코리아(주)",2011,7
"149",149,"아이언맨",2008-04-30,27802744668,NA,4316003,NA,592,"US","US","씨제이엔터테인먼트",2008,4
"150",150,"엑스맨: 데이즈 오브 퓨처 패스트",2014-05-22,34654558766,NA,4313871,NA,1056,"US","US","이십세기폭스코리아(주)",2014,5
"151",151,"강철중: 공공의 적 1-1",2008-06-19,28465757767,NA,4300670,NA,659,"Korea","Korea","씨제이엔터테인먼트,(주)시네마서비스",2008,6
"152",152,"아가씨",2016-06-01,35211229991,NA,4287839,NA,1171,"Korea","Korea","씨제이이앤엠(주)",2016,6
"153",153,"킹콩",2005-12-14,0,NA,4232430,"S",89,"US","US","UIP코리아",2005,12
"154",154,"어메이징 스파이더맨 2",2014-04-23,34869056800,NA,4168350,NA,1312,"US","US","소니픽쳐스릴리징월트디즈니스튜디오스코리아(주)",2014,4
"155",155,"인디아나 존스 4 : 크리스탈 해골의 왕국",2008-05-22,26693951667,NA,4136101,NA,660,"US","US","씨제이엔터테인먼트",2008,5
"156",156,"용의자",2013-12-24,30037161000,NA,4131248,NA,807,"Korea","Korea","(주)쇼박스",2013,12
"157",157,"건축학개론",2012-03-22,30219800500,NA,4110645,NA,593,"Korea","Korea","롯데쇼핑㈜롯데엔터테인먼트",2012,3
"158",158,"태풍",2005-12-14,0,NA,4094395,"S",115,"Korea","Korea","씨제이엔터테인먼트",2005,12
"159",159,"미이라 3:황제의 무덤",2008-07-30,26222207084,NA,4090795,NA,527,"US","US","유니버설픽쳐스인터내셔널 코리아(유)",2008,7
"160",160,"7급 공무원",2009-04-22,26701311856,NA,4088799,NA,475,"Korea","Korea","롯데쇼핑㈜롯데엔터테인먼트",2009,4
"161",161,"다크 나이트",2008-08-06,27059471306,NA,4087355,NA,462,"US","US","주식회사 해리슨앤컴퍼니,워너브러더스 코리아(주)",2008,8
"162",162,"색즉시공",2002-12-11,0,NA,4082797,"S",41,"Korea","Korea","(주)쇼박스",2002,12
"163",163,"댄싱퀸",2012-01-18,30129259500,NA,4057546,NA,534,"Korea","Korea","씨제이이앤엠(주)",2012,1
"164",164,"우리 생애 최고의 순간",2008-01-10,26151780425,NA,4044582,NA,418,"Korea","Korea","(주)싸이더스",2008,1
"165",165,"꾼",2017-11-22,31313568795,NA,4018341,NA,1314,"Korea","Korea","(주)쇼박스",2017,11
"166",166,"타짜-신의 손",2014-09-03,32373120927,NA,4015361,NA,890,"Korea","Korea","롯데쇼핑㈜롯데엔터테인먼트,(주)싸이더스",2014,9
"167",167,"혹성탈출: 반격의 서막",2014-07-10,31514053095,NA,4002560,NA,922,"US","US","이십세기폭스코리아(주)",2014,7
"168",168,"해리포터와 비밀의 방",2002-12-13,0,NA,4000000,"S",89,"US","US","워너브러더스 코리아(주)",2002,12
"169",169,"쿵푸팬더3",2016-01-28,31340798156,NA,3984812,NA,1365,"US","US","씨제이이앤엠(주)",2016,1
"170",170,"캡틴 아메리카: 윈터 솔져",2014-03-26,31710585385,NA,3963220,NA,1106,"US","US","소니픽쳐스릴리징월트디즈니스튜디오스코리아(주)",2014,3
"171",171,"공공의 적 2",2005-01-27,0,NA,3911356,"S",95,"Korea","Korea","(주)시네마서비스",2005,1
"172",172,"박수건달",2013-01-09,28379548569,NA,3897969,NA,599,"Korea","Korea","(주)쇼박스",2013,1
"173",173,"베놈",2018-10-03,34100211207,NA,3888096,NA,1308,"US","US","소니픽쳐스엔터테인먼트코리아주식회사극장배급지점",2018,10
"174",174,"한반도",2006-07-13,0,NA,3880308,"S",126,"Korea","Korea","씨제이엔터테인먼트",2006,7
"175",175,"조선명탐정 : 사라진 놉의 딸",2015-02-11,30456879428,NA,3872015,NA,811,"Korea","Korea","(주)쇼박스",2015,2
"176",176,"트로이",2004-05-21,0,NA,3851000,"S",90,"US","US","워너브러더스 코리아(주)",2004,5
"177",177,"역린",2014-04-30,29893297890,NA,3849433,NA,1054,"Korea","Korea","롯데쇼핑㈜롯데엔터테인먼트",2014,4
"178",178,"남한산성",2017-10-03,31225083792,NA,3849087,NA,1229,"Korea","Korea","씨제이이앤엠(주)",2017,10
"179",179,"매드 맥스: 분노의 도로",2015-05-14,32906364462,NA,3842441,NA,799,"US","US, Australia","워너브러더스 코리아(주)",2015,5
"180",180,"암수살인",2018-10-03,32995138548,NA,3789321,NA,1177,"Korea","Korea","(주)쇼박스",2018,10
"181",181,"데드풀 2",2018-05-16,34185664639,NA,3784602,NA,1576,"US","US","이십세기폭스코리아(주)",2018,5
"182",182,"쌍화점",2008-12-30,25616489949,NA,3779553,NA,499,"Korea","Korea","(주)쇼박스",2008,12
"183",183,"국가부도의 날",2018-11-28,30891765837,NA,3754983,NA,1180,"Korea","Korea","씨제이이앤엠(주)",2018,11
"184",184,"신기전",2008-09-04,24314570667,NA,3726134,NA,585,"Korea","Korea","씨제이엔터테인먼트",2008,9
"185",185,"미이라",2017-06-06,30504689978,NA,3689325,NA,1257,"US","US","유니버설픽쳐스인터내셔널 코리아(유)",2017,6
"186",186,"82년생 김지영",2019-10-23,30305744310,NA,3679019,NA,1486,"Korea","Korea","롯데컬처웍스(주)롯데엔터테인먼트",2019,10
"187",187,"너의 이름은.",2017-01-04,29564054156,NA,3673885,NA,947,"Japan","Japan","메가박스중앙(주)플러스엠",2017,1
"188",188,"분노의 질주: 홉스&쇼",2019-08-14,32241767793,NA,3657536,NA,1311,"US","US","유니버설픽쳐스인터내셔널 코리아(유)",2019,8
"189",189,"분노의 질주: 더 익스트림",2017-04-12,29981156348,NA,3653238,NA,1469,"US","US, Japan, France, Canada","유니버설픽쳐스인터내셔널 코리아(유)",2017,4
"190",190,"친절한 금자씨",2005-07-29,0,NA,3650000,"S",127,"Korea","Korea","씨제이엔터테인먼트",2005,7
"191",191,"해리포터와 불의 잔",2005-12-01,0,NA,3615000,"S",125,"US","US","워너브러더스 코리아(주)",2005,12
"192",192,"인턴",2015-09-24,28518443148,NA,3610642,NA,496,"US","US","워너브러더스 코리아(주)",2015,9
"193",193,"라라랜드",2016-12-07,30009452694,NA,3597519,NA,727,"US","US","판씨네마(주)",2016,12
"194",194,"귀향",2016-02-24,27248705990,NA,3586929,NA,876,"Korea","Korea","(주)와우픽쳐스",2016,2
"195",195,"리얼 스틸",2011-10-12,26566677000,NA,3579666,NA,603,"US","US","한국소니픽쳐스릴리징브에나비스타영화㈜",2011,10
"196",196,"신의 한 수",2014-07-03,28810921456,NA,3566336,NA,794,"Korea","Korea","(주)쇼박스",2014,7
"197",197,"미스터 & 미세스 스미스",2005-06-16,0,NA,3546900,"S",103,"US","US","이십세기폭스필름코퍼레이션",2005,6
"198",198,"스캔들-조선남녀상열지사",2003-10-02,NA,NA,3522747,"S",76,"Korea","Korea","씨제이엔터테인먼트",2003,10
"199",199,"코코",2018-01-11,27723289440,NA,3513114,NA,1177,"US","US","월트디즈니컴퍼니코리아 유한책임회사",2018,1
"200",200,"매트릭스2 리로디드",2003-05-23,0,NA,3510000,"S",102,"US","US","워너브러더스 코리아(주)",2003,5
"201",201,"해리 포터와 불사조 기사단",2007-07-11,0,NA,3475000,"S",204,"US","US","워너브러더스 코리아(주)",2007,7
"202",202,"가문의 부활 - 가문의 영광3",2006-09-21,0,NA,3464516,"S",114,"Korea","Korea","(주)쇼박스",2006,9
"203",203,"부러진 화살",2012-01-18,25936754000,NA,3459780,NA,453,"Korea","Korea","(주)넥스트엔터테인먼트월드(NEW)",2012,1
"204",204,"끝까지 간다",2014-05-29,27007303900,NA,3450305,NA,645,"Korea","Korea","(주)쇼박스",2014,5
"205",205,"스파이",2013-09-05,24509269305,NA,3435801,NA,785,"Korea","Korea, Thailand","씨제이이앤엠(주)",2013,9
"206",206,"아일랜드",2005-07-21,0,NA,3433900,"S",110,"US","US","워너브러더스 코리아(주)",2005,7
"207",207,"비긴 어게인",2014-08-13,27104244061,NA,3428309,NA,213,"US","US","판씨네마(주)",2014,8
"208",208,"그것만이 내 세상",2018-01-17,27444525382,NA,3418043,NA,862,"Korea","Korea","씨제이이앤엠(주)",2018,1
"209",209,"이끼",2010-07-14,25856306126,NA,3408144,NA,736,"Korea","Korea","씨제이엔터테인먼트",2010,7
"210",210,"토이 스토리 4",2019-06-20,28757726040,NA,3399913,NA,1336,"US","US","월트디즈니컴퍼니코리아 유한책임회사",2019,6
"211",211,"어바웃 타임",2013-12-05,24982533500,NA,3392251,NA,568,"UK","UK","유니버설픽쳐스인터내셔널 코리아(유)",2013,12
"212",212,"돈",2019-03-20,28869614062,NA,3389035,NA,1431,"Korea","Korea","(주)쇼박스",2019,3
"213",213,"포화속으로",2010-06-16,24217600897,NA,3385706,NA,736,"Korea","Korea","롯데쇼핑㈜롯데엔터테인먼트",2010,6
"214",214,"다이 하드 4 : 죽어도 산다",2007-07-17,0,NA,3380800,"S",136,"US","US","이십세기폭스필름코퍼레이션",2007,7
"215",215,"맨 인 블랙 3",2012-05-24,27301520070,NA,3379762,NA,770,"US","US","한국소니픽쳐스릴리징브에나비스타영화㈜",2012,5
"216",216,"악인전",2019-05-15,29130540150,NA,3364360,NA,1307,"Korea","Korea","(주)에이스메이커무비웍스,(주)키위미디어그룹",2019,5
"217",217,"다빈치 코드",2006-05-18,0,NA,3339082,"S",139,"US","US","소니픽쳐스릴리징코리아",2006,5
"218",218,"슈퍼배드 3",2017-07-26,24216987019,NA,3324861,NA,1057,"US","US","유니버설픽쳐스인터내셔널 코리아(유)",2017,7
"219",219,"데드풀",2016-02-17,27595618651,NA,3317196,NA,1036,"US","US","이십세기폭스코리아(주)",2016,2
"220",220,"시동",2019-12-18,28100077660,NA,3317168,NA,1515,"Korea","Korea","(주)넥스트엔터테인먼트월드(NEW)",2019,12
"221",221,"슈렉2",2004-06-18,0,NA,3300533,"S",85,"US","US","씨제이엔터테인먼트",2004,6
"222",222,"아이 캔 스피크",2017-09-21,25532214986,NA,3280243,NA,1140,"Korea","Korea","롯데쇼핑㈜롯데엔터테인먼트,(주)리틀빅픽쳐스",2017,9
"223",223,"스타워즈: 깨어난 포스",2015-12-17,28353796331,NA,3273879,NA,940,"US","US","월트디즈니컴퍼니코리아(주)",2015,12
"224",224,"올드보이",2003-11-21,0,NA,3269000,"S",45,"Korea","Korea","쇼이스트(주),씨제이이앤엠(주)",2003,11
"225",225,"분노의 질주: 더 세븐",2015-04-01,26454098694,NA,3247955,NA,983,"US","US","유니버설픽쳐스인터내셔널 코리아(유)",2015,4
"226",226,"터미네이터 제니시스",2015-07-02,26556715129,NA,3240370,NA,1113,"US","US","롯데쇼핑㈜롯데엔터테인먼트",2015,7
"227",227,"그래비티",2013-10-17,31484135600,NA,3227452,NA,636,"US","US","주식회사 해리슨앤컴퍼니,워너브러더스 코리아(주)",2013,10
"228",228,"우주전쟁",2005-07-07,0,NA,3223000,"S",123,"US","US","UIP코리아",2005,7
"229",229,"마녀",2018-06-27,27242029463,NA,3189091,NA,1117,"Korea","Korea","워너브러더스 코리아(주)",2018,6
"230",230,"탐정: 리턴즈",2018-06-13,26909459678,NA,3152872,NA,1041,"Korea","Korea","씨제이이앤엠(주)",2018,6
"231",231,"어린 신부",2004-04-02,0,NA,3149500,"S",50,"Korea","Korea","코리아픽쳐스(주)",2004,4
"232",232,"오! 브라더스",2003-09-04,0,NA,3148748,"S",51,"Korea","Korea","(주)쇼박스",2003,9
"233",233,"장화, 홍련",2003-06-13,0,NA,3146217,"S",52,"Korea","Korea","영화사청어람(주)",2003,6
"234",234,"그놈 목소리",2007-02-01,0,NA,3143247,"S",110,"Korea","Korea","씨제이엔터테인먼트",2007,2
"235",235,"우리들의 행복한 시간",2006-09-14,0,NA,3132320,"S",118,"Korea","Korea","(주)프라임엔터테인먼트",2006,9
"236",236,"캐리비안의 해적: 낯선 조류",2011-05-19,27279967500,NA,3130046,NA,960,"US","US","한국소니픽쳐스릴리징브에나비스타영화㈜",2011,5
"237",237,"퀵",2011-07-20,22960890000,NA,3125069,NA,512,"Korea","Korea","씨제이이앤엠(주)",2011,7
"238",238,"감기",2013-08-14,21784202000,NA,3119023,NA,806,"Korea","Korea","아이러브시네마",2013,8
"239",239,"말죽거리 잔혹사",2004-01-16,0,NA,3115767,"S",67,"Korea","Korea","씨제이엔터테인먼트",2004,1
"240",240,"광복절 특사",2002-11-20,0,NA,3101900,"S",71,"Korea","Korea","(주)시네마서비스",2002,11
"241",241,"나우 유 씨 미 2",2016-07-13,25116690113,NA,3100113,NA,1200,"US","US","롯데쇼핑㈜롯데엔터테인먼트",2016,7
"242",242,"마파도",2005-03-10,0,NA,3090467,"S",58,"Korea","Korea","씨제이엔터테인먼트",2005,3
"243",243,"하모니",2010-01-28,21992266198,NA,3068544,NA,405,"Korea","Korea","씨제이엔터테인먼트",2010,1
"244",244,"거북이 달린다",2009-06-11,20857347292,NA,3059812,NA,379,"Korea","Korea","(주)쇼박스",2009,6
"245",245,"너는 내 운명",2005-09-23,0,NA,3051134,"S",92,"Korea","Korea","씨제이엔터테인먼트",2005,9
"246",246,"캐리비안의 해적: 죽은 자는 말이 없다",2017-05-24,24975495122,NA,3049894,NA,1357,"US","US","월트디즈니컴퍼니코리아 유한책임회사",2017,5
"247",247,"스물",2015-03-25,23558988686,NA,3044134,NA,926,"Korea","Korea","(주)넥스트엔터테인먼트월드(NEW)",2015,3
"248",248,"토르: 다크 월드",2013-10-30,22525808500,NA,3039889,NA,733,"US","US","소니픽쳐스릴리징월트디즈니스튜디오스코리아(주)",2013,10
"249",249,"식객",2007-11-01,0,NA,3038868,"S",88,"Korea","Korea","씨제이엔터테인먼트",2007,11
"250",250,"방자전",2010-06-02,22853629794,NA,3035116,NA,512,"Korea","Korea","씨제이엔터테인먼트",2010,6
"251",251,"인크레더블 2",2018-07-18,24554683588,NA,3033052,NA,1605,"US","US","월트디즈니컴퍼니코리아 유한책임회사",2018,7
"252",252,"하울의 움직이는 성",2004-12-23,0,NA,3015165,"S",65,"Japan","Japan","(주)이수C&E,(주)시네마서비스",2004,12
"253",253,"마더",2009-05-28,20195373838,NA,3013523,NA,648,"Korea","Korea","씨제이엔터테인먼트",2009,5
"254",254,"오싹한 연애",2011-12-01,22010977000,NA,3009356,NA,469,"Korea","Korea","씨제이이앤엠(주)",2011,12
"255",255,"투모로우",2004-06-03,0,NA,3006400,"S",67,"US","US","이십세기폭스필름코퍼레이션",2004,6
"256",256,"레드: 더 레전드",2013-07-18,21511358970,NA,3004647,NA,739,"US","US","롯데쇼핑㈜롯데엔터테인먼트",2013,7
"257",257,"해리 포터와 혼혈 왕자",2009-07-15,20580402431,NA,3002669,NA,751,"US","US","워너브러더스 코리아(주)",2009,7
"258",258,"드래곤 길들이기 2",2014-07-23,23979935189,NA,3000056,NA,829,"US","US","씨제이이앤엠(주)",2014,7
"259",259,"형",2016-11-23,23129111893,NA,2982022,NA,993,"Korea","Korea","씨제이이앤엠(주)",2016,11
"260",260,"황금 나침반",2007-12-18,NA,NA,2979838,"S",110,"US","US","롯데쇼핑㈜롯데엔터테인먼트",2007,12
"261",261,"친구 2",2013-11-14,21804687513,NA,2971475,NA,968,"Korea","Korea","롯데쇼핑㈜롯데엔터테인먼트",2013,11
"262",262,"26년",2012-11-29,21241327145,NA,2963449,NA,604,"Korea","Korea","(주)인벤트스톤,영화사청어람(주)",2012,11
"263",263,"워낭소리",2009-01-15,19259975032,NA,2962897,NA,20,"Korea","Korea","㈜인디스토리",2009,1
"264",264,"서치",2018-08-29,25283364845,NA,2949944,NA,816,"US","US","소니픽쳐스엔터테인먼트코리아주식회사극장배급지점",2018,8
"265",265,"고지전",2011-07-20,21968557600,NA,2945137,NA,585,"Korea","Korea","(주)쇼박스",2011,7
"266",266,"엑스맨: 아포칼립스",2016-05-25,24467887950,NA,2938818,NA,1262,"US","US","이십세기폭스코리아(주)",2016,5
"267",267,"프리즌",2017-03-23,23790276987,NA,2931897,NA,1047,"Korea","Korea","(주)쇼박스",2017,3
"268",268,"300",2007-03-14,0,NA,2929400,"S",102,"US","US","워너브러더스 코리아(주)",2007,3
"269",269,"가장 보통의 연애",2019-10-02,24885803430,NA,2924563,NA,1073,"Korea","Korea","(주)넥스트엔터테인먼트월드(NEW)",2019,10
"270",270,"솔트",2010-07-29,21719123025,NA,2921331,NA,556,"US","US","한국소니픽쳐스릴리징브에나비스타영화㈜",2010,7
"271",271,"헬로우 고스트",2010-12-22,21154651779,NA,2897477,NA,472,"Korea","Korea","(주)넥스트엔터테인먼트월드(NEW)",2010,12
"272",272,"귀신이 산다",2004-09-17,0,NA,2890000,"S",70,"Korea","Korea","(주)시네마서비스",2004,9
"273",273,"원티드",2008-06-26,19258777000,NA,2867594,NA,446,"US","US","유니버설픽쳐스인터내셔널 코리아(유)",2008,6
"274",274,"말모이",2019-01-09,23987145520,NA,2866020,NA,1203,"Korea","Korea","롯데컬처웍스(주)롯데엔터테인먼트",2019,1
"275",275,"극비수사",2015-06-18,22389535897,NA,2860786,NA,894,"Korea","Korea","(주)쇼박스",2015,6
"276",276,"슈렉3",2007-06-06,0,NA,2844159,"S",120,"US","US","씨제이엔터테인먼트",2007,6
"277",277,"표적",2014-04-30,22256359300,NA,2841788,NA,665,"Korea","Korea","씨제이이앤엠(주)",2014,4
"278",278,"앤트맨",2015-09-03,23528441937,NA,2841699,NA,949,"US","US, UK","월트디즈니컴퍼니코리아(주)",2015,9
"279",279,"호빗: 다섯 군대 전투",2014-12-17,24268487685,NA,2836774,NA,926,"US","US, New Zealand","워너브러더스 코리아(주)",2014,12
"280",280,"너의 결혼식",2018-08-22,23676244369,NA,2820969,NA,962,"Korea","Korea","메가박스중앙(주)플러스엠",2018,8
"281",281,"호빗: 뜻밖의 여정",2012-12-13,23436820716,NA,2818993,NA,1028,"US","US, New Zealand","워너브러더스 코리아(주)",2012,12
"282",282,"메이즈 러너",2014-09-18,21489367677,NA,2812427,NA,648,"US","US","이십세기폭스코리아(주)",2014,9
"283",283,"해리 포터와 죽음의 성물1",2010-12-15,19906900266,NA,2809053,NA,718,"US","US","워너브러더스 코리아(주)",2010,12
"284",284,"빅 히어로",2015-01-21,21993119765,NA,2801949,NA,825,"US","US","월트디즈니컴퍼니코리아(주)",2015,1
"285",285,"덩케르크",2017-07-20,24576771848,NA,2792705,NA,1252,"US","US, UK","워너브러더스 코리아(주)",2017,7
"286",286,"혹성탈출: 진화의 시작",2011-08-17,20629757000,NA,2773794,NA,514,"US","US","이십세기폭스코리아(주)",2011,8
"287",287,"황산벌",2003-10-17,NA,NA,2771236,"S",71,"Korea","Korea","(주)씨네월드",2003,10
"288",288,"부당거래",2010-10-28,21326977937,NA,2766436,NA,502,"Korea","Korea","씨제이엔터테인먼트",2010,10
"289",289,"1번가의 기적",2007-02-14,0,NA,2750457,"S",80,"Korea","Korea","씨제이엔터테인먼트",2007,2
"290",290,"메이즈 러너: 스코치 트라이얼",2015-09-16,21596946349,NA,2744413,NA,804,"US","US","이십세기폭스코리아(주)",2015,9
"291",291,"가디언즈 오브 갤럭시 VOL. 2",2017-05-03,23452686686,NA,2735721,NA,1218,"US","US","월트디즈니컴퍼니코리아 유한책임회사",2017,5
"292",292,"시라노; 연애조작단",2010-09-16,20171151599,NA,2731828,NA,402,"Korea","Korea","롯데쇼핑㈜롯데엔터테인먼트",2010,9
"293",293,"내가 살인범이다",2012-11-08,20392346000,NA,2729808,NA,547,"Korea","Korea","(주)쇼박스",2012,11
"294",294,"핸콕",2008-07-02,17854932333,NA,2723518,NA,602,"US","US","한국소니픽쳐스릴리징브에나비스타영화㈜",2008,7
"295",295,"나우 유 씨 미 : 마술사기단",2013-08-22,19146691869,NA,2718227,NA,691,"US","US","롯데쇼핑㈜롯데엔터테인먼트",2013,8
"296",296,"미스 페레그린과 이상한 아이들의 집",2016-09-28,21841214586,NA,2718158,NA,904,"US","US, Belgium, UK","이십세기폭스코리아(주)",2016,9
"297",297,"적벽대전 2 : 최후의 결전",2009-01-22,17910684413,NA,2713031,NA,426,"China","China","(주)쇼박스",2009,1
"298",298,"소원",2013-10-02,18529792100,NA,2711071,NA,641,"Korea","Korea","롯데쇼핑㈜롯데엔터테인먼트",2013,10
"299",299,"지.아이.조 : 전쟁의 서막",2009-08-06,19889126096,NA,2706748,NA,446,"US","US","씨제이엔터테인먼트",2009,8
"300",300,"타이탄",2010-04-01,22143097429,NA,2685508,NA,694,"US","US","워너브러더스 코리아(주)",2010,4
"301",301,"친구",2001-03-31,0,"S",2678846,NA,0,"Korea","Korea","코리아픽쳐스(주)",2001,3
"302",302,"곤지암",2018-03-28,21442114144,NA,2675559,NA,1124,"Korea","Korea","(주)쇼박스",2018,3
"303",303,"살인자의 기억법",2017-09-06,21375287492,NA,2658589,NA,1064,"Korea","Korea","(주)쇼박스",2017,9
"304",304,"브레이킹 던 part2",2012-11-15,18909583065,NA,2654817,NA,665,"US","US","(주)넥스트엔터테인먼트월드(NEW)",2012,11
"305",305,"후궁 : 제왕의 첩",2012-06-06,19330302500,NA,2636320,NA,624,"Korea","Korea","롯데쇼핑㈜롯데엔터테인먼트",2012,6
"306",306,"탐정 : 더 비기닝",2015-09-24,20463956973,NA,2625686,NA,764,"Korea","Korea","씨제이이앤엠(주)",2015,9
"307",307,"미니언즈",2015-07-29,18997911278,NA,2625572,NA,792,"US","US","유니버설픽쳐스인터내셔널 코리아(유)",2015,7
"308",308,"트랜스포머: 최후의 기사",2017-06-21,21501959228,NA,2614601,NA,1739,"US","US","롯데쇼핑㈜롯데엔터테인먼트",2017,6
"309",309,"제이슨 본",2016-07-27,21253434663,NA,2611966,NA,827,"US","US","유니버설픽쳐스인터내셔널 코리아(유)",2016,7
"310",310,"드래곤 길들이기",2010-05-20,27471926367,NA,2603857,NA,562,"US","US","유니버설픽쳐스인터내셔널 코리아(유),씨제이엔터테인먼트",2010,5
"311",311,"지금 만나러 갑니다",2018-03-14,20800916128,NA,2602273,NA,1163,"Korea","Korea","롯데쇼핑㈜롯데엔터테인먼트",2018,3
"312",312,"도리를 찾아서",2016-07-06,20703899933,NA,2601734,NA,1091,"US","US","월트디즈니컴퍼니코리아(주)",2016,7
"313",313,"위험한 상견례",2011-03-31,19174920500,NA,2595625,NA,524,"Korea","Korea","롯데쇼핑㈜롯데엔터테인먼트",2011,3
"314",314,"아수라",2016-09-28,20576226662,NA,2594028,NA,1278,"Korea","Korea","씨제이이앤엠(주)",2016,9
"315",315,"보안관",2017-05-03,20844405409,NA,2588617,NA,1091,"Korea","Korea","롯데쇼핑㈜롯데엔터테인먼트",2017,5
"316",316,"굿모닝 프레지던트",2009-10-22,18770889320,NA,2583294,NA,586,"Korea","Korea","씨제이엔터테인먼트",2009,10
"317",317,"음란서생",2006-02-23,0,NA,2576022,"S",84,"Korea","Korea","씨제이엔터테인먼트",2006,2
"318",318,"내 머리 속의 지우개",2004-11-05,0,NA,2565078,"S",68,"Korea","Korea","씨제이엔터테인먼트",2004,11
"319",319,"기술자들",2014-12-24,19894297783,NA,2564340,NA,641,"Korea","Korea","롯데쇼핑㈜롯데엔터테인먼트",2014,12
"320",320,"퍼시픽 림",2013-07-11,20477392512,NA,2539114,NA,1005,"US","US","워너브러더스 코리아(주)",2013,7
"321",321,"정글북",2016-06-09,21517513134,NA,2537419,NA,924,"US","US","월트디즈니컴퍼니코리아(주)",2016,6
"322",322,"증인",2019-02-13,20477262331,NA,2534075,NA,1047,"Korea","Korea","롯데컬처웍스(주)롯데엔터테인먼트",2019,2
"323",323,"엑스맨: 퍼스트 클래스",2011-06-02,19075363000,NA,2533852,NA,587,"US","US","이십세기폭스코리아(주)",2011,6
"324",324,"내 생애 가장 아름다운 일주일",2005-10-07,0,NA,2533103,"S",105,"Korea","Korea","씨제이엔터테인먼트",2005,10
"325",325,"해리포터와 아즈카반의 죄수",2004-07-16,0,NA,2532000,"S",91,"US","US","워너브러더스 코리아(주)",2004,7
"326",326,"목격자",2018-08-15,21733771597,NA,2524333,NA,1021,"Korea","Korea","(주)넥스트엔터테인먼트월드(NEW)",2018,8
"327",327,"패션 오브 크라이스트",2004-04-02,0,NA,2523700,"S",56,"US","US","(주)이수C&E,이십세기폭스필름코퍼레이션",2004,4
"328",328,"마이펫의 이중생활",2016-08-03,19405636655,NA,2520510,NA,726,"US","US","유니버설픽쳐스인터내셔널 코리아(유)",2016,8
"329",329,"조작된 도시",2017-02-09,20138295587,NA,2514943,NA,1019,"Korea","Korea","씨제이이앤엠(주)",2017,2
"330",330,"공동경비구역 JSA",2000-09-08,0,"S",2513540,NA,0,"Korea","Korea","씨제이엔터테인먼트",2000,9
"331",331,"나니아 연대기-사자,마녀 그리고 옷장",2005-12-29,0,NA,2505133,"S",80,"US","US","브에나비스타인터내셔널코리아",2005,12
"332",332,"터미네이터 3",2003-07-25,0,NA,2491354,"S",88,"US","US","(주)시네마서비스",2003,7
"333",333,"블랙머니",2019-11-13,20866634010,NA,2479664,NA,1117,"Korea","Korea","(주)에이스메이커무비웍스",2019,11
"334",334,"우리 형",2004-10-08,0,NA,2479585,"S",77,"Korea","Korea","씨제이엔터테인먼트",2004,10
"335",335,"반창꼬",2012-12-19,17911274787,NA,2475797,NA,466,"Korea","Korea","(주)넥스트엔터테인먼트월드(NEW)",2012,12
"336",336,"박수칠 때 떠나라",2005-08-11,0,NA,2475291,"S",78,"Korea","Korea","(주)시네마서비스",2005,8
"337",337,"선생 김봉두",2003-03-28,0,NA,2472135,"S",60,"Korea","Korea","(주)시네마서비스",2003,3
"338",338,"보스 베이비",2017-05-03,18934037704,NA,2451919,NA,1116,"US","US","씨제이이앤엠(주)",2017,5
"339",339,"조선명탐정: 흡혈괴마의 비밀",2018-02-08,19822724764,NA,2444123,NA,1249,"Korea","Korea","(주)쇼박스",2018,2
"340",340,"화차",2012-03-08,18459203000,NA,2436400,NA,548,"Korea","Korea","필라멘트픽쳐스",2012,3
"341",341,"이웃사람",2012-08-22,18087442369,NA,2434099,NA,600,"Korea","Korea","롯데쇼핑㈜롯데엔터테인먼트",2012,8
"342",342,"광식이 동생 광태",2005-11-23,0,NA,2430200,"S",83,"Korea","Korea","(주)엠케이픽처스",2005,11
"343",343,"재심",2017-02-15,19264792637,NA,2421011,NA,935,"Korea","Korea","오퍼스픽쳐스(유),CGV아트하우스",2017,2
"344",344,"신비한 동물들과 그린델왈드의 범죄",2018-11-14,20816583118,NA,2414062,NA,1601,"US","US","워너브러더스 코리아(주)",2018,11
"345",345,"터미네이터: 다크 페이트",2019-10-30,20167141830,NA,2410227,NA,1315,"US","US","월트디즈니컴퍼니코리아 유한책임회사",2019,10
"346",346,"히트맨",2020-01-22,20578626400,NA,2402196,NA,1122,"Korea","Korea","롯데컬처웍스(주)롯데엔터테인먼트",2020,1
"347",347,"사바하",2019-02-20,20007508194,NA,2398519,NA,1174,"Korea","Korea","씨제이이앤엠(주)",2019,2
"348",348,"화이: 괴물을 삼킨 아이",2013-10-09,17695516795,NA,2394466,NA,817,"Korea","Korea","(주)쇼박스",2013,10
"349",349,"의뢰인",2011-09-29,17797042500,NA,2393086,NA,522,"Korea","Korea","(주)쇼박스",2011,9
"350",350,"테이큰",2008-04-09,15971389000,NA,2379830,NA,254,"France","France","㈜스튜디오이쩜영",2008,4
"351",351,"007 스카이폴",2012-10-26,17487213000,NA,2376145,NA,748,"US","US, UK","소니픽쳐스릴리징월트디즈니스튜디오스코리아(주)",2012,10
"352",352,"가문의 영광4 - 가문의 수난",2011-09-07,17792219500,NA,2368267,NA,537,"Korea","Korea","(주)넥스트엔터테인먼트월드(NEW)",2011,9
"353",353,"스파이더맨 2",2004-06-30,0,NA,2367704,"S",72,"US","US","한국소니픽쳐스릴리징브에나비스타영화㈜",2004,6
"354",354,"블라인드",2011-08-10,18387176500,NA,2367272,NA,404,"Korea","Korea","(주)넥스트엔터테인먼트월드(NEW)",2011,8
"355",355,"박열",2017-06-28,18093543795,NA,2359174,NA,1176,"Korea","Korea","메가박스중앙(주)플러스엠",2017,6
"356",356,"맨발의 기봉이",2006-04-26,0,NA,2347311,"S",71,"Korea","Korea","(주)쇼박스",2006,4
"357",357,"바람의 파이터",2004-08-12,0,NA,2346446,"S",41,"Korea","Korea","영화사청어람(주)",2004,8
"358",358,"작업의 정석",2005-12-21,0,NA,2342232,"S",75,"Korea","Korea","(주)쇼박스",2005,12
"359",359,"첫사랑 사수 궐기 대회",2003-06-27,0,NA,2339410,"S",70,"Korea","Korea","(주)시네마서비스",2003,6
"360",360,"미인도",2008-11-13,15531621371,NA,2325715,NA,463,"Korea","Korea","씨제이엔터테인먼트",2008,11
"361",361,"스파이",2015-05-21,18417637358,NA,2318748,NA,665,"US","US","이십세기폭스코리아(주)",2015,5
"362",362,"라스트 갓파더",2010-12-29,16832542997,NA,2316099,NA,547,"Korea","Korea, US","씨제이엔터테인먼트",2010,12
"363",363,"모아나",2017-01-12,18055062307,NA,2310054,NA,953,"US","US","월트디즈니컴퍼니코리아 유한책임회사",2017,1
"364",364,"주유소 습격사건",1999-10-02,0,NA,2310000,NA,0,"Korea","Korea","(주)시네마서비스",1999,10
"365",365,"테이큰 2",2012-09-27,17581098553,NA,2308596,NA,682,"France","France","이십세기폭스코리아(주)",2012,9
"366",366,"하녀",2010-05-13,17310669976,NA,2304487,NA,577,"Korea","Korea","(주)싸이더스",2010,5
"367",367,"메이즈 러너: 데스 큐어",2018-01-17,18902873104,NA,2299732,NA,1090,"US","US","이십세기폭스코리아(주)",2018,1
"368",368,"맘마미아!2",2018-08-08,19607280003,NA,2293836,NA,750,"US","US","유니버설픽쳐스인터내셔널 코리아(유)",2018,8
"369",369,"달콤, 살벌한 연인",2006-04-06,0,NA,2286745,"S",60,"Korea","Korea","씨제이엔터테인먼트",2006,4
"370",370,"호빗: 스마우그의 폐허",2013-12-12,17850613316,NA,2282744,NA,811,"US","US, New Zealand","워너브러더스 코리아(주)",2013,12
"371",371,"나잇&데이",2010-06-24,17054262425,NA,2282191,NA,501,"US","US","이십세기폭스코리아(주)",2010,6
"372",372,"혈의 누",2005-05-04,0,NA,2274995,"S",98,"Korea","Korea","(주)시네마서비스",2005,5
"373",373,"컨저링",2013-09-17,16353225777,NA,2262758,NA,553,"US","US","워너브러더스 코리아(주)",2013,9
"374",374,"슈렉 포에버",2010-07-01,23178925617,NA,2261356,NA,561,"US","US","씨제이엔터테인먼트",2010,7
"375",375,"극락도 살인사건",2007-04-12,0,NA,2259511,"S",85,"Korea","Korea","(주)엠케이픽처스 ,(주)두엔터테인먼트",2007,4
"376",376,"이글 아이",2008-10-09,14577167667,NA,2258369,NA,330,"US","US","씨제이엔터테인먼트",2008,10
"377",377,"배트맨 대 슈퍼맨: 저스티스의 시작",2016-03-24,18906246428,NA,2256913,NA,1709,"US","US","워너브러더스 코리아(주)",2016,3
"378",378,"레디 플레이어 원",2018-03-28,19933108071,NA,2254430,NA,1079,"US","US","워너브러더스 코리아(주)",2018,3
"379",379,"위대한 유산",2003-10-24,0,NA,2251491,"S",57,"Korea","Korea","씨제이엔터테인먼트",2003,10
"380",380,"7광구",2011-08-04,19391653500,NA,2242510,NA,812,"Korea","Korea","씨제이이앤엠(주)",2011,8
"381",381,"배틀쉽",2012-04-11,16545921500,NA,2241687,NA,736,"US","US","유니버설픽쳐스인터내셔널 코리아(유)",2012,4
"382",382,"매트릭스3 레볼루션",2003-11-05,0,NA,2240000,"S",112,"US","US","워너브러더스 코리아(주)",2003,11
"383",383,"셜록홈즈 : 그림자 게임",2011-12-21,16670913500,NA,2239156,NA,370,"US","US","워너브러더스 코리아(주)",2011,12
"384",384,"박쥐",2009-04-30,15051788827,NA,2237271,NA,462,"Korea","Korea, US, Australia","씨제이엔터테인먼트",2009,4
"385",385,"타짜: 원 아이드 잭",2019-09-11,19687029214,NA,2229239,NA,1429,"Korea","Korea","롯데컬처웍스(주)롯데엔터테인먼트",2019,9
"386",386,"어거스트 러쉬",2007-11-29,NA,NA,2218573,"S",68,"US","US","(주)영화사 그램,씨제이엔터테인먼트",2007,11
"387",387,"나는 전설이다",2007-12-12,NA,NA,2215883,"S",127,"US","US","워너브러더스 코리아(주)",2007,12
"388",388,"포세이돈",2006-05-31,0,NA,2214600,"S",89,"US","US","워너브러더스 코리아(주)",2006,5
"389",389,"셜록 홈즈",2009-12-23,16207513113,NA,2207751,NA,377,"US","US, UK","워너브러더스 코리아(주)",2009,12
"390",390,"싱글즈",2003-07-11,NA,NA,2203042,"S",58,"Korea","Korea","영화사청어람(주)",2003,7
"391",391,"마당을 나온 암탉",2011-07-28,14669905500,NA,2201722,NA,345,"Korea","Korea","롯데쇼핑㈜롯데엔터테인먼트",2011,7
"392",392,"007 퀀텀 오브 솔러스",2008-11-05,14366688333,NA,2201300,NA,518,"US","US","한국소니픽쳐스릴리징브에나비스타영화㈜",2008,11
"393",393,"내 여자친구를 소개합니다",2004-06-03,0,NA,2199359,"S",75,"Korea","Korea","씨제이엔터테인먼트,아이러브시네마",2004,6
"394",394,"댄서의 순정",2005-04-28,0,NA,2197555,"S",68,"Korea","Korea","쇼이스트(주)",2005,4
"395",395,"악의 연대기",2015-05-14,17361815332,NA,2192525,NA,776,"Korea","Korea","씨제이이앤엠(주)",2015,5
"396",396,"강남 1970",2015-01-21,17717971499,NA,2192172,NA,841,"Korea","Korea","(주)쇼박스",2015,1
"397",397,"바르게 살자",2007-10-18,0,NA,2190250,"S",79,"Korea","Korea","씨제이엔터테인먼트",2007,10
"398",398,"늑대의 유혹",2004-07-22,0,NA,2189453,"S",40,"Korea","Korea","(주)쇼박스",2004,7
"399",399,"이상한 나라의 앨리스",2010-03-04,20661000236,NA,2182365,NA,401,"US","US","한국소니픽쳐스릴리징브에나비스타영화㈜",2010,3
"400",400,"맨 오브 스틸",2013-06-13,17092964063,NA,2182227,NA,998,"US","US","워너브러더스 코리아(주)",2013,6
"401",401,"로건",2017-03-01,18391060223,NA,2169109,NA,954,"US","US","이십세기폭스코리아(주)",2017,3
"402",402,"황해",2010-12-22,16765970362,NA,2167426,NA,618,"Korea","Korea, US, China","(주)쇼박스,이십세기폭스코리아(주)",2010,12
"403",403,"원더 우먼",2017-05-31,17468588886,NA,2165401,NA,1034,"US","US","워너브러더스 코리아(주)",2017,5
"404",404,"초능력자",2010-11-10,15618440958,NA,2164805,NA,622,"Korea","Korea","(주)넥스트엔터테인먼트월드(NEW)",2010,11
"405",405,"내 사랑 내 곁에",2009-09-24,15764312409,NA,2160265,NA,474,"Korea","Korea","씨제이엔터테인먼트",2009,9
"406",406,"신의 한 수: 귀수편",2019-11-07,18463797550,NA,2157439,NA,1246,"Korea","Korea","씨제이이앤엠(주)",2019,11
"407",407,"마이 웨이",2011-12-21,15994803000,NA,2142622,NA,645,"Korea","Korea, Japan, China","에스케이플래닛(주),씨제이이앤엠(주)",2011,12
"408",408,"나의 사랑 나의 신부",2014-10-08,16636404305,NA,2141155,NA,629,"Korea","Korea","씨네그루(주)다우기술",2014,10
"409",409,"겟 아웃",2017-05-17,17431570075,NA,2138146,NA,945,"US","US","유니버설픽쳐스인터내셔널 코리아(유)",2017,5
"410",410,"범죄의 재구성",2004-04-15,0,NA,2129358,"S",50,"Korea","Korea","(주)쇼박스",2004,4
"411",411,"사랑",2007-09-19,0,NA,2123815,"S",78,"Korea","Korea","롯데쇼핑㈜롯데엔터테인먼트",2007,9
"412",412,"세븐 데이즈",2007-11-14,38146000,NA,2120741,NA,297,"Korea","Korea","(주)프라임엔터테인먼트",2007,11
"413",413,"굿바이 싱글",2016-06-29,16912706195,NA,2108273,NA,841,"Korea","Korea","(주)쇼박스",2016,6
"414",414,"이클립스",2010-07-07,15192541723,NA,2105050,NA,535,"US","US","(주)넥스트엔터테인먼트월드(NEW)",2010,7
"415",415,"사생결단",2006-04-27,0,NA,2104716,"S",78,"Korea","Korea","씨제이이앤엠(주)",2006,4
"416",416,"엑스맨 : 최후의 전쟁",2006-06-15,0,NA,2096180,"S",112,"US","US","이십세기폭스코리아(주)",2006,6
"417",417,"몽타주",2013-05-16,15002458500,NA,2095592,NA,540,"Korea","Korea","(주)넥스트엔터테인먼트월드(NEW)",2013,5
"418",418,"색즉시공 시즌2",2007-12-12,511288500,NA,2088134,"S",89,"Korea","Korea","씨제이엔터테인먼트",2007,12
"419",419,"명당",2018-09-19,17900775524,NA,2087474,NA,1117,"Korea","Korea","메가박스중앙(주)플러스엠",2018,9
"420",420,"논스톱",2014-02-27,16066174940,NA,2084457,NA,582,"US","US, France","(주)넥스트엔터테인먼트월드(NEW)",2014,2
"421",421,"내부자들: 디 오리지널",2015-12-31,16973885275,NA,2083999,NA,838,"Korea","Korea","(주)쇼박스",2015,12
"422",422,"쩨쩨한 로맨스",2010-12-01,15901620661,NA,2080574,NA,463,"Korea","Korea","롯데쇼핑㈜롯데엔터테인먼트",2010,12
"423",423,"장화신은 고양이",2012-01-12,17601188500,NA,2080154,NA,593,"US","US","씨제이이앤엠(주)",2012,1
"424",424,"인투 더 스톰",2014-08-28,16155930332,NA,2078492,NA,585,"US","US","워너브러더스 코리아(주)",2014,8
"425",425,"청춘만화",2006-03-23,0,NA,2066354,"S",86,"Korea","Korea","(주)쇼박스",2006,3
"426",426,"눈에는 눈 이에는 이",2008-07-31,13414023500,NA,2058764,NA,445,"Korea","Korea","롯데쇼핑㈜롯데엔터테인먼트",2008,7
"427",427,"뷰티 인사이드",2015-08-20,16155795131,NA,2054297,NA,648,"Korea","Korea","(주)넥스트엔터테인먼트월드(NEW)",2015,8
"428",428,"본 얼티메이텀",2007-09-12,0,NA,2052800,"S",69,"US","US","유니버설픽쳐스인터내셔널 코리아(유)",2007,9
"429",429,"혹성탈출: 종의 전쟁",2017-08-15,16854482778,NA,2051315,NA,1017,"US","US","이십세기폭스코리아(주)",2017,8
"430",430,"봉이 김선달",2016-07-06,16227052642,NA,2051277,NA,942,"Korea","Korea","씨제이이앤엠(주)",2016,7
"431",431,"아라한 장풍대작전",2004-04-30,0,NA,2050000,"S",87,"Korea","Korea","(주)시네마서비스",2004,4
"432",432,"비열한 거리",2006-06-15,0,NA,2047808,"S",82,"Korea","Korea","씨제이엔터테인먼트",2006,6
"433",433,"노아",2014-03-20,15514083500,NA,2026574,NA,952,"US","US","씨제이이앤엠(주)",2014,3
"434",434,"캐리비안의 해적 : 블랙펄의 저주",2003-09-05,0,NA,2010460,"S",57,"US","US","월트디즈니코리아㈜",2003,9
"435",435,"레버넌트: 죽음에서 돌아온 자",2016-01-14,16111255130,NA,2007657,NA,967,"US","US","이십세기폭스코리아(주)",2016,1
"436",436,"오페라의 유령",2004-12-08,0,NA,2006880,"S",71,"US","US","(주)팝엔터테인먼트,(주)드림팩트엔터테인먼트,씨제이엔터테인먼트",2004,12
"437",437,"테이큰 3",2015-01-01,16102014000,NA,2006561,NA,616,"US","US","이십세기폭스코리아(주)",2015,1
"438",438,"페르시아의 왕자: 시간의 모래",2010-05-27,14717552534,NA,2003533,NA,570,"US","US","한국소니픽쳐스릴리징브에나비스타영화㈜",2010,5
"439",439,"박물관이 살아있다 2",2009-06-04,12591000149,NA,2002526,NA,569,"US","US","이십세기폭스코리아(주)",2009,6
"440",440,"천문: 하늘에 묻는다",2019-12-26,16502543020,NA,2000490,NA,1198,"Korea","Korea","롯데컬처웍스(주)롯데엔터테인먼트",2019,12
"441",441,"시실리 2km",2004-08-13,0,NA,1987380,"S",36,"Korea","Korea","(주)쇼박스",2004,8
"442",442,"남자가 사랑할 때",2014-01-22,14510222300,NA,1979311,NA,531,"Korea","Korea","(주)넥스트엔터테인먼트월드(NEW)",2014,1
"443",443,"루시",2014-09-03,16468076039,NA,1974893,NA,641,"US","US, France","유니버설픽쳐스인터내셔널 코리아(유)",2014,9
"444",444,"효자동 이발사",2004-05-05,0,NA,1972377,"S",65,"Korea","Korea","(주)쇼박스",2004,5
"445",445,"타이타닉",1998-02-20,0,"S",1971780,NA,0,"US","US","씨네힐,이십세기폭스코리아(주)",1998,2
"446",446,"협상",2018-09-19,17032133166,NA,1967721,NA,919,"Korea","Korea","씨제이이앤엠(주)",2018,9
"447",447,"알리타: 배틀 엔젤",2019-02-05,18569763667,NA,1951889,NA,1043,"US","US","이십세기폭스코리아(주)",2019,2
"448",448,"뉴 문",2009-12-02,13988362067,NA,1949027,NA,532,"US","US","(주)넥스트엔터테인먼트월드(NEW)",2009,12
"449",449,"천사와 악마",2009-05-14,12734649711,NA,1936321,NA,558,"US","US","한국소니픽쳐스릴리징브에나비스타영화㈜",2009,5
"450",450,"애나벨 : 인형의 주인",2017-08-10,15526858738,NA,1934192,NA,1006,"US","US","워너브러더스 코리아(주)",2017,8
"451",451,"가족",2004-09-03,0,NA,1932304,"S",44,"Korea","Korea","(주)튜브엔터테인먼트",2004,9
"452",452,"컨저링 2",2016-06-09,15759374229,NA,1928605,NA,635,"US","US","워너브러더스 코리아(주)",2016,6
"453",453,"터보",2013-07-25,13113579000,NA,1923748,NA,634,"US","US","씨제이이앤엠(주)",2013,7
"454",454,"애자",2009-09-09,13785879439,NA,1922634,NA,262,"Korea","Korea","(주)시너지하우스 (시너지)",2009,9
"455",455,"내안의 그놈",2019-01-09,16412116567,NA,1916855,NA,1041,"Korea","Korea","(주)메리크리스마스,TCO(주)더콘텐츠온",2019,1
"456",456,"잠복근무",2005-03-17,0,NA,1914941,"S",64,"Korea","Korea","(주)쇼박스",2005,3
"457",457,"그림자 살인",2009-04-02,12805808556,NA,1914779,NA,387,"Korea","Korea","씨제이엔터테인먼트",2009,4
"458",458,"영웅",2003-01-24,0,NA,1910000,"S",47,"China","China","(유)조이앤시네마,코리아픽쳐스(주)",2003,1
"459",459,"수어사이드 스쿼드",2016-08-03,15873106188,NA,1898121,NA,823,"US","US","워너브러더스 코리아(주)",2016,8
"460",460,"오늘의 연애",2015-01-14,14924654487,NA,1891993,NA,709,"Korea","Korea","씨제이이앤엠(주)",2015,1
"461",461,"글러브",2011-01-20,13757574500,NA,1888100,NA,605,"Korea","Korea","씨제이엔터테인먼트",2011,1
"462",462,"러브 액츄얼리",2003-12-05,0,NA,1887000,"S",41,"US","US, UK","와이드 릴리즈(주),(주)제이앤씨미디어그룹,UIP코리아,(유)조이앤시네마",2003,12
"463",463,"라디오 스타",2006-09-28,0,NA,1879501,"S",72,"Korea","Korea","(주)시네마서비스",2006,9
"464",464,"퍼시 잭슨과 번개 도둑",2010-02-11,13372357257,NA,1877226,NA,353,"US","US","이십세기폭스코리아(주)",2010,2
"465",465,"해결사",2010-09-09,14063913437,NA,1873327,NA,524,"Korea","Korea","(주)넥스트엔터테인먼트월드(NEW),(주)에스비에스콘텐츠허브",2010,9
"466",466,"코리아",2012-05-03,13448848500,NA,1872681,NA,537,"Korea","Korea","씨제이이앤엠(주)",2012,5
"467",467,"아이들...",2011-02-17,13579712500,NA,1867849,NA,504,"Korea","Korea","롯데쇼핑㈜롯데엔터테인먼트",2011,2
"468",468,"색, 계",2007-11-08,0,NA,1866900,"S",69,"US","US","(주)제이앤씨미디어그룹,씨제이엔터테인먼트",2007,11
"469",469,"연애의 온도",2013-03-21,13798864446,NA,1865195,NA,567,"Korea","Korea","롯데쇼핑㈜롯데엔터테인먼트",2013,3
"470",470,"마약왕",2018-12-19,16222446942,NA,1864076,NA,1297,"Korea","Korea","(주)쇼박스",2018,12
"471",471,"구세주",2006-02-16,0,NA,1858668,"S",54,"Korea","Korea","쇼이스트(주)",2006,2
"472",472,"조폭마누라2-돌아온 전설",2003-09-05,NA,NA,1858077,"S",55,"Korea","Korea","씨제이엔터테인먼트",2003,9
"473",473,"지.아이.조 2",2013-03-28,14457048500,NA,1855917,NA,766,"US","US, Canada","씨제이이앤엠(주)",2013,3
"474",474,"노무현입니다",2017-05-25,14554935612,NA,1854867,NA,775,"Korea","Korea","CGV아트하우스,영화사 풀",2017,5
"475",475,"집으로 가는 길",2013-12-11,13048519745,NA,1854625,NA,740,"Korea","Korea","씨제이이앤엠(주)",2013,12
"476",476,"악마를 보았다",2010-08-12,14148937025,NA,1848418,NA,494,"Korea","Korea","(주)쇼박스",2010,8
"477",477,"바람피기 좋은 날",2007-02-08,0,NA,1847875,"S",95,"Korea","Korea","(주)시네마서비스",2007,2
"478",478,"콘스탄틴",2005-02-08,0,NA,1845000,"S",59,"US","US","워너브러더스 코리아(주)",2005,2
"479",479,"나의 PS 파트너",2012-12-06,13896872616,NA,1831725,NA,552,"Korea","Korea","씨제이이앤엠(주)",2012,12
"480",480,"뺑반",2019-01-30,15222811848,NA,1826714,NA,1285,"Korea","Korea","(주)쇼박스",2019,1
"481",481,"흡혈형사 나도열",2006-02-09,0,NA,1824822,"S",70,"Korea","Korea","(주)쇼박스",2006,2
"482",482,"007 스펙터",2015-11-11,14302132030,NA,1820842,NA,1105,"UK","UK, US","유니버설픽쳐스인터내셔널 코리아(유)",2015,11
"483",483,"캐치 미 이프 유 캔",2003-01-24,0,NA,1807612,"S",44,"US","US","씨제이엔터테인먼트",2003,1
"484",484,"변신",2019-08-21,15417922925,NA,1804112,NA,975,"Korea","Korea","(주)에이스메이커무비웍스",2019,8
"485",485,"차우",2009-07-15,12676951144,NA,1799356,NA,397,"Korea","Korea","롯데쇼핑㈜롯데엔터테인먼트",2009,7
"486",486,"작전명 발키리",2009-01-22,11972135869,NA,1798205,NA,372,"US","US, Germany","이십세기폭스코리아(주)",2009,1
"487",487,"목포는 항구다",2004-02-20,0,NA,1795700,"S",32,"Korea","Korea","코리아픽쳐스(주)",2004,2
"488",488,"분노의 질주: 더 맥시멈",2013-05-22,13203523042,NA,1790457,NA,656,"US","US","유니버설픽쳐스인터내셔널 코리아(유)",2013,5
"489",489,"아내가 결혼했다",2008-10-23,11995855000,NA,1788748,NA,414,"Korea","Korea","씨제이엔터테인먼트",2008,10
"490",490,"저스티스 리그",2017-11-15,14629692795,NA,1786386,NA,1308,"US","US","워너브러더스 코리아(주)",2017,11
"491",491,"여고괴담 세번째 이야기: 여우계단",2003-08-01,0,NA,1784479,"S",44,"Korea","Korea","(주)시네마서비스",2003,8
"492",492,"아이, 로봇",2004-07-30,0,NA,1777470,"S",49,"US","US","이십세기폭스필름코퍼레이션",2004,7
"493",493,"벤자민 버튼의 시간은 거꾸로 간다",2009-02-12,11603912005,NA,1767051,NA,313,"US","US","(주)일레븐엔터테인먼트,워너브러더스 코리아(주)",2009,2
"494",494,"공범",2013-10-24,12333110882,NA,1766285,NA,611,"Korea","Korea","씨제이이앤엠(주)",2013,10
"495",495,"수퍼맨 리턴즈",2006-06-28,0,NA,1764758,"S",96,"US","US","워너브러더스 코리아(주)",2006,6
"496",496,"나를 찾아줘",2014-10-23,14017716731,NA,1764233,NA,658,"US","US","이십세기폭스코리아(주)",2014,10
"497",497,"대호",2015-12-16,13489904632,NA,1762742,NA,892,"Korea","Korea","(주)넥스트엔터테인먼트월드(NEW)",2015,12
"498",498,"걸리버 여행기",2011-01-27,16441355500,NA,1762070,NA,513,"US","US","이십세기폭스코리아(주)",2011,1
"499",499,"주먹왕 랄프 2: 인터넷 속으로",2019-01-03,13919424723,NA,1758891,NA,1453,"US","US","월트디즈니컴퍼니코리아 유한책임회사",2019,1
"500",500,"내셔널 트레져:비밀의 책",2007-12-19,NA,NA,1756319,"S",76,"US","US","한국소니픽쳐스릴리징브에나비스타영화㈜",2007,12
